{"read:/api/v1/users/relations": 1763532030.399151, "read_minute_requests": [1763546818.6329, 1763546854.892494, 1763546855.720722, 1763546871.888264, 1763546872.974586], "read:/api/v1/users/hugo-gedio": 1763532039.70467, "read:/api/v1/chats": 1763546871.888264, "read:/api/v1/chats/u-x2EpPbXhWyWJLiHupJgg/messages": 1763532100.1875358, "read:/api/v1/chats/A1AYm2C7VByzBazwbCYpEg/messages": 1763538598.564427, "action:/api/v1/chats/jYTR5e6fUNyuemiPnFt7Og": 1763546817.177781, "action_minute_requests": [1763546772.172003, 1763546817.177781], "read:/api/v1/chats/jYTR5e6fUNyuemiPnFt7Og/messages": 1763546855.720722, "read:/api/v1/chats/ETWPTwXRWXSA4pRSY5j_mQ/messages": 1763546872.974586}