{"read:/api/v1/users/relations": 1763532030.399151, "read_minute_requests": [1763628724.5466309], "read:/api/v1/users/hugo-gedio": 1763532039.70467, "read:/api/v1/chats": 1763628626.2318661, "read:/api/v1/chats/u-x2EpPbXhWyWJLiHupJgg/messages": 1763532100.1875358, "read:/api/v1/chats/A1AYm2C7VByzBazwbCYpEg/messages": 1763538598.564427, "action:/api/v1/chats/jYTR5e6fUNyuemiPnFt7Og": 1763546817.177781, "action_minute_requests": [1763628726.7412128, 1763628728.2119691], "read:/api/v1/chats/jYTR5e6fUNyuemiPnFt7Og/messages": 1763546855.720722, "read:/api/v1/chats/ETWPTwXRWXSA4pRSY5j_mQ/messages": 1763546872.974586, "read:/api/v1/chats/j_fpURcRVaScxFbPfnHiVg/messages": 1763617036.540443, "read:/api/v1/chats/IFQotf6VUXuZ1serOnyBmA/messages": 1763628627.504699, "read:/api/v1/users/ACoAAFLwXRIBTCaL9TwP_68q0oSQZWJscZXB3jo": 1763628724.5466309, "action:/api/v1/chats": 1763628726.7412128, "action:/api/v1/chats/IFQotf6VUXuZ1serOnyBmA": 1763628728.2119691}