{"read:/api/v1/users/relations": 1763532030.399151, "read_minute_requests": [1763538575.287206, 1763538585.8663108, 1763538598.564427], "read:/api/v1/users/hugo-gedio": 1763532039.70467, "read:/api/v1/chats": 1763538585.8663108, "read:/api/v1/chats/u-x2EpPbXhWyWJLiHupJgg/messages": 1763532100.1875358, "read:/api/v1/chats/A1AYm2C7VByzBazwbCYpEg/messages": 1763538598.564427}